No.,Symbol,Company Name,Market Cap,Stock Price,% Change,Revenue
1,BRK.A,Berkshire Hathaway Inc.,,688279.00,0.12%,452954000000
2,BRK.B,Berkshire Hathaway Inc.,989922900000,459.07,0.09%,452954000000
3,TSM,Taiwan Semiconductor Manufacturing Company Limited,1064126518424,203.23,-1.50%,83930843178
4,WMT,Walmart Inc.,741562230900,92.80,0.13%,673819000000
5,LLY,Eli Lilly and Company,752807588000,794.17,-0.19%,40863300000
6,JPM,JPMorgan Chase & Co.,682058345100,243.08,0.32%,173362000000
7,V,Visa Inc.,627344559057,320.86,0.07%,35926000000
8,MA,Mastercard Incorporated,487645588403,535.75,0.01%,27226000000
9,ORCL,Oracle Corporation,482167934400,171.68,0.16%,54933000000
10,UNH,UnitedHealth Group Incorporated,468880096580,510.89,0.95%,393898000000
11,XOM,Exxon Mobil Corporation,468582520350,106.47,0.07%,350503000000
12,PG,The Procter & Gamble Company,400097745600,170.14,0.71%,83905000000
13,HD,"The Home Depot, Inc.",391325420220,395.06,-0.27%,154596000000
14,NVO,Novo Nordisk A/S,293314459800,87.66,0.33%,39908997050
15,JNJ,Johnson & Johnson,351584748600,145.54,-0.21%,79833000000
16,BAC,Bank of America Corporation,339908584000,44.54,0.36%,98499000000
17,CRM,"Salesforce, Inc.",328250043000,341.80,-0.76%,37189000000
18,ABBV,AbbVie Inc.,316636145200,179.13,-0.48%,55533000000
19,SAP,SAP SE,291322482328,253.77,0.05%,36963333333
20,KO,The Coca-Cola Company,269151344000,62.58,-0.41%,46366000000
21,TM,Toyota Motor Corporation,258991586922,197.17,8.67%,326044680253
22,CVX,Chevron Corporation,258008211300,143.96,0.08%,197746000000
23,MRK,"Merck & Co., Inc.",252233439968,99.88,0.43%,63174000000
24,WFC,Wells Fargo & Company,238091829900,71.74,0.21%,82396000000
25,NOW,"ServiceNow, Inc.",225831620000,1099.00,-0.59%,10464000000
26,ACN,Accenture plc,225756372840,360.77,-0.24%,66361706000
27,BX,Blackstone Inc.,229099507672,176.43,0.42%,11432423000
28,AXP,American Express Company,213615901800,303.97,0.17%,59239000000
29,MCD,McDonald's Corporation,211463812700,294.82,0.28%,25938200000
30,IBM,International Business Machines Corporation,208105226925,224.83,0.19%,62581000000
31,MS,Morgan Stanley,205729808000,128.02,0.76%,58434000000
32,DIS,The Walt Disney Company,203939008100,112.49,-0.06%,91361000000
33,TMO,Thermo Fisher Scientific Inc.,201329678250,526.91,-0.39%,42370000000
34,ABT,Abbott Laboratories,200295440800,115.32,0.48%,41217000000
35,BABA,Alibaba Group Holding Limited,206456254728,86.10,0.68%,135106882022
36,NVS,Novartis AG,192381291389,98.36,0.01%,49940000000
37,GS,"The Goldman Sachs Group, Inc.",182287537000,581.22,-0.27%,50961000000
38,SHEL,Shell plc,192496985100,61.36,-0.14%,323183000000
39,PM,Philip Morris International Inc.,189160617800,121.70,0.12%,37219000000
40,GE,General Electric Company,186218817400,172.18,0.40%,54412000000
41,CAT,Caterpillar Inc.,177463700000,367.04,-0.14%,65664000000
42,HSBC,HSBC Holdings plc,177212627600,49.28,0.06%,66058000000
43,RY,Royal Bank of Canada,171427250000,121.13,0.32%,41553623188
44,VZ,Verizon Communications Inc.,167585370300,39.95,0.38%,134237000000
45,DHR,Danaher Corporation,167058596125,231.28,0.23%,20030000000
46,T,AT&T Inc.,164924040650,22.96,0.02%,122060000000
47,BLK,"BlackRock, Inc.",163135599490,1054.36,-0.04%,19361000000
48,HDB,HDFC Bank Limited,165358538100,64.83,-0.55%,22242005999
49,SPGI,S&P Global Inc.,156472500000,504.96,0.04%,13767000000
50,RTX,RTX Corporation,154997279000,117.03,0.17%,79042000000
51,PFE,Pfizer Inc.,150430249550,26.56,-0.67%,60113000000
52,NEE,"NextEra Energy, Inc.",149165909360,72.37,-0.74%,26245000000
53,ANET,Arista Networks Inc,143977970400,114.82,0.15%,6613147000
54,PGR,The Progressive Corporation,142522201480,243.12,-0.05%,71987000000
55,SHOP,Shopify Inc.,142647650222,109.96,-0.20%,8212000000
56,UL,Unilever PLC,142430741978,57.50,0.53%,64831182796
57,SYK,Stryker Corporation,141109389696,369.89,-0.24%,21974000000
58,LOW,"Lowe's Companies, Inc.",141010044500,249.48,-0.30%,83722000000
59,TJX,"The TJX Companies, Inc.",138822518400,125.00,1.22%,56421000000
60,UNP,Union Pacific Corporation,139848333475,230.33,0.25%,24288000000
61,SCHW,The Charles Schwab Corporation,133082974800,75.01,0.23%,18736000000
62,KKR,KKR & Co. Inc.,133936050910,152.55,-0.02%,23050175000
63,C,Citigroup Inc.,134279460000,71.34,0.48%,78998000000
64,BA,The Boeing Company,135662616720,180.40,0.59%,73293000000
65,BSX,Boston Scientific Corporation,134604893900,91.43,0.40%,15910000000
66,ETN,Eaton Corporation plc,134782960000,340.07,-0.43%,24605000000
67,MUFG,"Mitsubishi UFJ Financial Group, Inc.",132298922160,11.65,0.91%,34501605020
68,UBER,"Uber Technologies, Inc.",129322179650,61.56,-0.25%,41955000000
69,SONY,Sony Group Corporation,126402726744,21.18,0.19%,92380456781
70,BHP,BHP Group Limited,125242778133,49.32,-0.20%,55658000000
71,COP,ConocoPhillips,124660377200,96.89,-0.23%,57523000000
72,TTE,TotalEnergies SE,125293030882,54.45,0.25%,205960000000
73,FI,"Fiserv, Inc.",119205598070,210.22,0.37%,20122000000
74,DE,Deere & Company,118071304875,433.99,0.27%,51716000000
75,BMY,Bristol-Myers Squibb Company,116843449800,58.01,0.43%,47435000000
76,LMT,Lockheed Martin Corporation,116180334900,489.85,0.35%,71295000000
77,NKE,"NIKE, Inc.",114692450521,76.92,0.17%,50012000000
78,CB,Chubb Limited,112099538310,278.31,0.64%,54570000000
79,UPS,"United Parcel Service, Inc.",108207278467,126.34,0.06%,90686000000
80,IBN,ICICI Bank Limited,107564224800,30.53,0.02%,28318863491
81,MMC,"Marsh & McLennan Companies, Inc.",105109930440,213.99,-0.02%,23945000000
82,MDT,Medtronic plc,104634864000,81.59,0.06%,32996000000
83,PLD,"Prologis, Inc.",98359785000,106.89,2.09%,7890211000
84,RIO,Rio Tinto Group,100732970812,59.25,0.08%,54041000000
85,BUD,Anheuser-Busch InBev SA/NV,99993128135,50.34,-0.11%,61233000000
86,APO,"Apollo Global Management, Inc.",98203024960,174.21,-0.37%,31877000000
87,UBS,UBS Group AG,97817188428,30.72,0.56%,48611904762
88,GEV,GE Vernova Inc.,94675772511,343.07,-1.22%,
89,TD,The Toronto-Dominion Bank,92510520850,52.91,-0.28%,36855474453
90,INFY,Infosys Limited,94235767650,22.64,-0.59%,18562000000
91,SPOT,Spotify Technology S.A.,89313386062,457.48,-0.90%,16780000000
92,SMFG,"Sumitomo Mitsui Financial Group, Inc.",93182427546,14.28,-0.24%,26083705416
93,ENB,Enbridge Inc.,91202075000,41.81,-0.14%,35701470588
94,SO,The Southern Company,90809958400,82.86,-0.36%,26428000000
95,MO,"Altria Group, Inc.",88985999050,52.60,0.29%,24019000000
96,MCO,Moody's Corporation,87213553200,481.42,0.22%,6896000000
97,BN,Brookfield Corporation,86739391900,57.86,0.64%,94916000000
98,ICE,"Intercontinental Exchange, Inc.",86657663725,151.04,0.39%,11397000000
99,SHW,The Sherwin-Williams Company,86924544420,345.48,-0.30%,23053500000
100,ELV,"Elevance Health, Inc.",86802980825,373.64,0.19%,174216000000
101,APH,Amphenol Corporation,86213171100,71.58,-0.11%,14232300000
102,AMT,American Tower Corporation,86313000000,184.01,-0.38%,11043400000
103,TT,Trane Technologies plc,85177209600,378.01,-0.51%,19388200000
104,RELX,RELX PLC,85072014699,45.88,-0.02%,11596202532
105,CMG,"Chipotle Mexican Grill, Inc.",84180810200,61.48,-1.22%,10984861000
106,PH,Parker-Hannifin Corporation,83670574400,651.30,-0.19%,19986102000
107,DUK,Duke Energy Corporation,83914719660,108.23,-0.68%,30209000000
108,DELL,Dell Technologies Inc.,83424687147,119.33,0.33%,93954000000
109,WM,"Waste Management, Inc.",82401724171,204.94,-0.21%,21387000000
110,PBR.A,Petróleo Brasileiro S.A. - Petrobras,,12.03,-0.25%,102409000000
111,PBR,Petróleo Brasileiro S.A. - Petrobras,80939811800,13.09,0.46%,102409000000
112,BTI,British American Tobacco p.l.c.,80257495485,36.42,0.46%,33141772152
113,MSI,"Motorola Solutions, Inc.",78790866660,471.25,-0.25%,10656000000
114,WELL,Welltower Inc.,78633293200,126.36,-0.19%,7490063000
115,CI,The Cigna Group,77966285900,281.58,0.54%,232586000000
116,AON,Aon plc,78022284820,361.37,-0.07%,14926000000
117,RACE,Ferrari N.V.,77908042624,431.67,-0.53%,7182807778
118,PNC,"The PNC Financial Services Group, Inc.",77077081665,194.88,0.41%,21349000000
119,HCA,"HCA Healthcare, Inc.",76824980100,302.75,-0.61%,69621000000
120,USB,U.S. Bancorp,75957860700,49.04,0.42%,24897000000
121,ITW,Illinois Tool Works Inc.,76357197500,258.71,-0.18%,15949000000
122,CL,Colgate-Palmolive Company,75483646290,92.37,-0.02%,20106000000
123,BP,BP p.l.c.,76400630924,28.86,0.23%,199127000000
124,SCCO,Southern Copper Corporation,74456716200,94.58,0.16%,10944600000
125,ZTS,Zoetis Inc.,74458015775,165.51,0.49%,9152000000
126,MCK,McKesson Corporation,73400516200,578.49,-0.11%,330187000000
127,TRI,Thomson Reuters Corporation,73527685725,162.77,-0.23%,7164000000
128,GD,General Dynamics Corporation,73209011417,266.64,0.28%,46046000000
129,TDG,TransDigm Group Incorporated,72989027264,1300.66,-0.08%,7940000000
130,EMR,Emerson Electric Co.,72015771123,126.54,0.25%,17492000000
131,MMM,3M Company,71222871610,131.19,0.64%,28565000000
132,BMO,Bank of Montreal,70657110275,97.03,0.20%,23764492754
133,DEO,Diageo plc,70702939450,127.02,0.36%,25656962025
134,COF,Capital One Financial Corporation,69431004900,182.28,0.09%,26497000000
135,NOC,Northrop Grumman Corporation,68970556050,472.14,0.22%,40985000000
136,GSK,GSK plc,69460651700,34.12,0.26%,41198684211
137,CP,Canadian Pacific Kansas City Limited,68097597876,73.16,-0.30%,10623529412
138,SAN,"Banco Santander, S.A.",68688109158,4.51,0.45%,101199336316
139,ECL,Ecolab Inc.,67718192300,239.22,-0.63%,15674600000
140,EOG,"EOG Resources, Inc.",67701319070,120.37,-0.38%,24470000000
141,EPD,Enterprise Products Partners L.P.,67834103150,31.14,-1.11%,56640000000
142,FDX,FedEx Corporation,66834948245,278.67,2.51%,87393000000
143,BDX,"Becton, Dickinson and Company",66134874360,228.12,0.52%,20178000000
144,ET,Energy Transfer LP,66150134400,19.26,-1.73%,83662000000
145,BNS,The Bank of Nova Scotia,65923395550,53.79,0.35%,24398550725
146,WMB,"The Williams Companies, Inc.",65613213250,53.96,-1.17%,10544000000
147,APD,"Air Products and Chemicals, Inc.",65674442880,295.19,-0.28%,12100600000
148,SPG,"Simon Property Group, Inc.",56708988700,173.78,0.25%,5909004000
149,CNI,Canadian National Railway Company,64496078880,102.76,-0.14%,12616911765
150,CNQ,Canadian Natural Resources Limited,63591180400,30.13,-0.40%,26280147059
151,CRH,CRH plc,64387532426,94.69,-0.06%,35000000000
152,RSG,"Republic Services, Inc.",63886139520,204.36,0.11%,15817500000
153,RCL,Royal Caribbean Cruises Ltd.,64072912500,237.81,-1.04%,16055419000
154,AJG,Arthur J. Gallagher & Co.,71922030745,288.15,-0.07%,11270800000
155,SE,Sea Limited,63901400000,109.86,-1.44%,15486058000
156,CARR,Carrier Global Corporation,62572610980,69.82,0.53%,23957000000
157,TGT,Target Corporation,62515008690,136.38,3.01%,107570000000
158,MFG,"Mizuho Financial Group, Inc.",61957700000,4.89,0.10%,25769597094
159,EQNR,Equinor ASA,61783960939,22.69,-0.46%,107174000000
160,HLT,Hilton Worldwide Holdings Inc.,61561763400,251.84,-0.56%,11000000000
161,DLR,"Digital Realty Trust, Inc.",59365017045,179.48,-0.51%,5488745000
162,CM,Canadian Imperial Bank of Commerce,60359994800,64.40,0.04%,18555072464
163,KMI,"Kinder Morgan, Inc.",60606339200,27.24,-0.33%,15151000000
164,GM,General Motors Company,59345412000,54.17,1.23%,182719000000
165,OKE,"ONEOK, Inc.",59266421440,101.25,-0.92%,19933000000
166,TFC,Truist Financial Corporation,58211752000,44.00,0.01%,11945000000
167,NGG,National Grid plc,57598482221,58.91,0.08%,25448717949
168,AFL,Aflac Incorporated,57663806400,103.73,0.47%,17301000000
169,MET,"MetLife, Inc.",57290830800,82.75,0.61%,71348000000
170,ARES,Ares Management Corporation,36091108800,182.68,0.89%,3679765000
171,BK,The Bank of New York Mellon Corporation,56926572010,78.42,0.47%,18130000000
172,SQ,"Block, Inc.",56440264297,91.46,0.41%,23861534000
173,CVS,CVS Health Corporation,57193476090,44.91,1.49%,368912000000
174,FCX,Freeport-McMoRan Inc.,56313286700,39.19,-0.09%,25640000000
175,SRE,Sempra,55384408560,87.61,-0.40%,12918000000
176,BBVA,"Banco Bilbao Vizcaya Argentaria, S.A.",56286157650,9.77,0.36%,34265890662
177,TRV,"The Travelers Companies, Inc.",55274586120,243.78,0.37%,45342000000
178,AZO,"AutoZone, Inc.",54691679402,3246.84,-1.12%,18579632000
179,SNOW,Snowflake Inc.,54123196000,163.50,0.27%,3414325000
180,NSC,Norfolk Southern Corporation,53618880000,237.15,-0.32%,12172000000
181,MFC,Manulife Financial Corporation,53730100000,30.83,0.52%,26701470588
182,JCI,Johnson Controls International plc,53375421925,80.85,-0.17%,22952000000
183,SLB,Schlumberger Limited,53188629750,37.73,-0.01%,35995000000
184,PSA,Public Storage,52647326551,301.50,0.23%,4678057000
185,GWW,"W.W. Grainger, Inc.",52924698849,1082.39,-0.79%,16932000000
186,AMP,"Ameriprise Financial, Inc.",52238966589,542.63,0.71%,16755000000
187,ALL,The Allstate Corporation,51788846725,195.52,,62432000000
188,FICO,Fair Isaac Corporation,50282065685,2072.20,-1.56%,1717526000
189,NU,Nu Holdings Ltd.,49297147073,10.38,0.05%,10932691000
190,VST,Vistra Corp.,48890476200,144.09,0.51%,16265000000
191,PWR,"Quanta Services, Inc.",48650996244,330.56,-0.07%,22903321000
192,CMI,Cummins Inc.,48555568900,354.25,0.11%,34198000000
193,MPLX,MPLX LP,48739870400,47.64,-1.69%,11836000000
194,ING,ING Groep N.V.,48295790400,15.68,0.35%,21062068966
195,TRP,TC Energy Corporation,47803370954,46.09,-0.44%,12240441176
196,MSCI,MSCI Inc.,47706961449,610.31,0.39%,2802725000
197,URI,"United Rentals, Inc.",47683204512,726.78,-0.09%,14978000000
198,BCS,Barclays PLC,48290310875,13.44,-0.11%,33450000000
199,CVNA,Carvana Co.,46482076610,224.07,0.08%,12550000000
200,LNG,"Cheniere Energy, Inc.",47020171373,210.30,-0.09%,16090000000
201,O,Realty Income Corporation,46618113915,53.08,-0.30%,5007128000
202,ITUB,Itaú Unibanco Holding S.A.,48865851018,4.99,-0.10%,25570020534
203,PSX,Phillips 66,46263027780,112.21,0.56%,150249000000
204,FLUT,Flutter Entertainment plc,46202589270,259.05,-0.94%,
205,AIG,"American International Group, Inc.",45740980770,73.35,0.70%,35715000000
206,HWM,Howmet Aerospace Inc.,45582484200,112.51,0.42%,7270000000
207,KR,The Kroger Co.,44740600000,62.84,1.63%,149879000000
208,DHI,"D.R. Horton, Inc.",45406928370,141.42,0.26%,36801400000
209,OXY,Occidental Petroleum Corporation,45143681730,48.18,0.13%,27572000000
210,D,"Dominion Energy, Inc.",45175737800,53.71,-0.11%,14593000000
211,EW,Edwards Lifesciences Corporation,44406042000,75.76,0.50%,5872600000
212,VRT,Vertiv Holdings Co,44616190320,118.90,0.14%,7530800000
213,DFS,Discover Financial Services,44334293760,177.00,0.24%,11713000000
214,WCN,"Waste Connections, Inc.",44324900880,172.15,-0.32%,8694916000
215,KMB,Kimberly-Clark Corporation,44323491350,133.12,0.71%,20100000000
216,HMC,"Honda Motor Co., Ltd.",44242740230,28.37,4.09%,151911616304
217,FIS,"Fidelity National Information Services, Inc.",44274232960,82.25,-0.11%,10036000000
218,SU,Suncor Energy Inc.,44300556400,35.19,0.01%,38800735294
219,COR,"Cencora, Inc.",43920947200,226.54,-0.44%,293958599000
220,TEL,TE Connectivity plc,43655214850,146.34,0.58%,15845000000
221,MPC,Marathon Petroleum Corporation,43477503920,135.25,-0.07%,143769000000
222,AMX,"América Móvil, S.A.B. de C.V.",44011428000,14.45,1.65%,48113964858
223,HLN,Haleon plc,43840900643,9.73,-0.10%,14946835443
224,NEM,Newmont Corporation,43636788500,38.10,-0.55%,16987000000
225,PCG,PG&E Corporation,44265031800,20.20,-0.12%,24829000000
226,PRU,"Prudential Financial, Inc.",42655920000,120.07,0.68%,72966000000
227,ATE,Advantest Corporation,,77.60,0.26%,
228,AME,"AMETEK, Inc.",42572237400,183.69,-0.20%,6910463000
229,PEG,Public Service Enterprise Group Incorporated,42675462375,85.24,-0.64%,10430000000
230,ALC,Alcon Inc.,42569323500,86.39,0.36%,9761000000
231,KVUE,Kenvue Inc.,41594899293,21.74,0.81%,15459000000
232,TAK,Takeda Pharmaceutical Company Limited,41769571655,13.16,-0.08%,31947174982
233,E,Eni S.p.A.,44900000000,26.58,-0.08%,105351111111
234,LYG,Lloyds Banking Group plc,41627151280,2.76,1.29%,61649367089
235,GLW,Corning Incorporated,41042378415,48.01,0.22%,12611000000
236,CPNG,"Coupang, Inc.",41005003579,22.79,-0.31%,28864026000
237,STZ,"Constellation Brands, Inc.",40923660480,224.27,-0.50%,10190800000
238,GRMN,Garmin Ltd.,40513434500,211.46,0.21%,5956843000
239,LHX,"L3Harris Technologies, Inc.",40505460146,213.79,0.22%,21142000000
240,NWG,NatWest Group plc,41162206250,10.26,0.05%,18967105263
241,HES,Hess Corporation,40255616700,130.99,0.33%,12828000000
242,DAL,"Delta Air Lines, Inc.",40410722625,62.42,-0.22%,60306000000
243,F,Ford Motor Company,39405226800,10.07,0.45%,182743000000
244,CBRE,"CBRE Group, Inc.",40360714020,132.00,0.06%,34311975000
245,AEM,Agnico Eagle Mines Limited,39750242176,79.11,0.48%,7818693000
246,CCI,Crown Castle Inc.,39565801920,91.10,0.11%,6593000000
247,CTVA,"Corteva, Inc.",39505601640,57.46,-0.04%,16637000000
248,RBLX,Roblox Corporation,39179892430,59.93,0.62%,3363735000
249,A,"Agilent Technologies, Inc.",38736677825,135.81,-0.21%,6510000000
250,TRGP,Targa Resources Corp.,38715079470,177.82,-1.60%,16215700000
251,NET,"Cloudflare, Inc.",38676237575,112.70,0.11%,1572153000
252,SYY,Sysco Corporation,37898085900,77.40,-0.17%,79707546000
253,YUM,"Yum! Brands, Inc.",37960768800,136.01,0.75%,7223000000
254,VALE,Vale S.A.,38122536514,8.96,0.17%,41784000000
255,VLO,Valero Energy Corporation,37623000000,119.64,0.67%,134539000000
256,IT,"Gartner, Inc.",37733328217,490.36,0.08%,6138410000
257,LVS,Las Vegas Sands Corp.,37621600000,51.97,0.15%,11317000000
258,OTIS,Otis Worldwide Corporation,37613247760,94.25,0.27%,14206000000
259,LEN,Lennar Corporation,37700905217,138.62,0.45%,36462747000
260,HUBS,"HubSpot, Inc.",37239200096,724.42,0.42%,2506280000
261,WIT,Wipro Limited,37746140217,3.60,-0.83%,10589777884
262,LEN.B,Lennar Corporation,,134.46,0.21%,35776308000
263,IR,Ingersoll Rand Inc.,37218158200,92.30,-0.05%,7157800000
264,STLA,Stellantis N.V.,39246500000,13.02,-0.38%,189454838710
265,IQV,IQVIA Holdings Inc.,36378045000,200.49,0.25%,15315000000
266,OWL,Blue Owl Capital Inc.,35837017583,24.05,-0.08%,2158101000
267,FERG,Ferguson Enterprises Inc.,35608320809,177.85,0.30%,29699000000
268,GIS,"General Mills, Inc.",35124439320,63.67,-0.11%,19901300000
269,VMC,Vulcan Materials Company,34942680295,264.50,0.07%,7398300000
270,VEEV,Veeva Systems Inc.,34786734500,214.83,-1.20%,2656351000
271,HSY,The Hershey Company,34594614903,170.16,-0.19%,10971834000
272,RMD,ResMed Inc.,34259250480,233.76,0.51%,4807485000
273,SLF,Sun Life Financial Inc.,34228821200,59.57,0.37%,23923529412
274,WAB,Westinghouse Air Brake Technologies Corporation,33214304700,193.90,-0.14%,10330000000
275,CCL,Carnival Corporation & plc,32233309057,25.65,-0.54%,24479000000
276,HEI,HEICO Corporation,28870849678,240.63,0.24%,3857669000
277,CUK,Carnival Corporation & plc,32282823858,23.26,0.02%,24479000000
278,ROK,"Rockwell Automation, Inc.",33212039460,293.77,0.54%,8264200000
279,EXR,Extra Space Storage Inc.,31704327040,149.62,0.04%,3232780000
280,DB,Deutsche Bank Aktiengesellschaft,33396202000,17.25,0.38%,32944444444
281,ETR,Entergy Corporation,32581439680,75.93,-0.39%,11862153000
282,MLM,"Martin Marietta Materials, Inc.",32586948558,532.17,-0.19%,6512200000
283,RJF,"Raymond James Financial, Inc.",32020781850,158.66,0.88%,12821000000
284,DD,"DuPont de Nemours, Inc.",32266126000,77.24,-0.01%,12192000000
285,HIG,"The Hartford Financial Services Group, Inc.",32161956995,110.87,0.27%,26056000000
286,EFX,Equifax Inc.,32185996080,259.19,-0.80%,5588200000
287,DECK,Deckers Outdoor Corporation,31860322230,209.56,0.75%,4656732000
288,MTB,M&T Bank Corporation,31628690625,191.23,0.17%,8499334000
289,AVB,"AvalonBay Communities, Inc.",31711027965,223.16,-0.05%,2877912000
290,HPQ,HP Inc.,31313075220,33.51,0.19%,53559000000
291,ABEV,Ambev S.A.,29804973974,1.89,-0.79%,16373080082
292,IRM,Iron Mountain Incorporated,31075946700,105.75,0.16%,5988459000
293,RDDT,"Reddit, Inc.",31084377098,176.59,-0.46%,1122248000
294,EIX,Edison International,31072659000,80.03,-0.29%,17321000000
295,ED,"Consolidated Edison, Inc.",30959486880,89.43,-0.17%,15036000000
296,HUM,Humana Inc.,30785480370,256.11,0.23%,115010000000
297,LYV,"Live Nation Entertainment, Inc.",30658137050,133.47,0.11%,23312973000
298,CNC,Centene Corporation,30615013600,60.93,0.16%,161726000000
299,VICI,VICI Properties Inc.,30718513800,29.13,-0.38%,3805018000
300,WEC,"WEC Energy Group, Inc.",30066300000,94.76,-0.29%,8533200000
301,QSR,Restaurant Brands International Inc.,21324198625,65.90,0.40%,7930000000
302,BRO,"Brown & Brown, Inc.",29598082790,103.63,-0.21%,4648200000
303,CHT,"Chunghwa Telecom Co., Ltd.",29520975975,37.96,-0.31%,7171230706
304,FMX,"Fomento Económico Mexicano, S.A.B. de C.V.",17870916910,87.93,0.68%,41432311321
305,STT,State Street Corporation,29133346380,99.61,0.34%,12631000000
306,GDDY,GoDaddy Inc.,28964769165,206.80,0.03%,4480900000
307,GPN,Global Payments Inc.,28950078725,113.98,0.88%,10024320000
308,HPE,Hewlett Packard Enterprise Company,28891223450,22.02,0.57%,30127000000
309,HEI.A,HEICO Corporation,,188.75,0.46%,3511107000
310,CAH,"Cardinal Health, Inc.",28758100000,119.43,0.50%,224341000000
311,XYL,Xylem Inc.,28703951750,118.48,0.28%,8424000000
312,WDS,Woodside Energy Group Ltd,28879987515,15.08,-0.89%,12582000000
313,KEYS,"Keysight Technologies, Inc.",28523324830,164.76,0.55%,4979000000
314,EQR,Equity Residential,27425128120,72.46,0.33%,2940829000
315,DOW,Dow Inc.,28115694720,40.22,0.32%,43180000000
316,PPG,"PPG Industries, Inc.",28116080000,121.18,0.17%,18030000000
317,SW,Smurfit Westrock Plc,28176855937,54.14,-0.72%,
318,K,Kellanova,27858500000,81.05,0.28%,10714000000
319,NUE,Nucor Corporation,27734820089,118.66,1.05%,31362946000
320,GOLD,Barrick Gold Corporation,27592969250,15.78,0.41%,12336000000
321,EL,The Estée Lauder Companies Inc.,26973610076,74.99,-0.12%,15451000000
322,TPL,Texas Pacific Land Corporation,26605393698,1167.64,0.55%,686696000
323,CVE,Cenovus Energy Inc.,26970044300,14.69,-0.14%,40930147059
324,BR,"Broadridge Financial Solutions, Inc.",26533803000,227.69,0.15%,6498700000
325,EQT,EQT Corporation,26346582020,44.17,-0.92%,5691581000
326,FTV,Fortive Corporation,25991684335,75.80,1.07%,6195200000
327,MTD,Mettler-Toledo International Inc.,26150676867,1244.07,-0.18%,3762226000
328,DOV,Dover Corporation,26186523000,191.19,0.45%,8361502000
329,CHD,"Church & Dwight Co., Inc.",25999432758,106.97,0.47%,6053100000
330,SYF,Synchrony Financial,25969244800,66.91,0.44%,9007000000
331,WPM,Wheaton Precious Metals Corp.,26072299960,57.40,0.05%,1217595000
332,CQP,"Cheniere Energy Partners, L.P.",25794865056,53.29,-1.21%,8930000000
333,VLTO,Veralto Corporation,25654471521,103.87,0.37%,5136000000
334,TEVA,Teva Pharmaceutical Industries Limited,25738174150,22.60,0.78%,16772000000
335,IOT,Samsara Inc.,25489628966,45.56,0.02%,1179183000
336,TYL,"Tyler Technologies, Inc.",25448047560,594.04,-0.87%,2077606000
337,NVR,"NVR, Inc.",25382560666,8243.84,-0.19%,9898802000
338,VTR,"Ventas, Inc.",24868612080,59.39,0.20%,4801601000
339,DTE,DTE Energy Company,25009516760,121.12,0.29%,12415000000
340,GIB,CGI Inc.,24800810972,110.37,0.05%,10791288235
341,TKO,"TKO Group Holdings, Inc.",11763095552,144.20,-0.46%,2776140000
342,AWK,"American Water Works Company, Inc.",24528384370,126.06,0.26%,4515000000
343,IX,ORIX Corporation,24457839259,106.55,0.51%,20086148981
344,ADM,Archer-Daniels-Midland Company,24285600500,50.69,0.11%,87010000000
345,AEE,Ameren Corporation,24231723840,90.70,-0.21%,7300000000
346,WST,"West Pharmaceutical Services, Inc.",24001474443,333.51,0.22%,2876400000
347,LYB,LyondellBasell Industries N.V.,24249605190,74.36,0.32%,40734000000
348,CPAY,"Corpay, Inc.",24124188660,345.32,-0.27%,3877478000
349,PPL,PPL Corporation,24028303200,32.58,-0.06%,8282000000
350,PHG,Koninklijke Philips N.V.,23885363508,25.77,1.14%,20187777778
351,NOK,Nokia Oyj,24556518853,4.47,-0.45%,24731111111
352,HAL,Halliburton Company,23398900770,26.80,-0.15%,23073000000
353,BAM,Brookfield Asset Management Ltd.,23272476816,55.37,-0.16%,4047000000
354,HUBB,Hubbell Incorporated,23170628260,431.40,-0.15%,5640000000
355,WSM,"Williams-Sonoma, Inc.",23051706000,187.87,0.07%,7528260000
356,FE,FirstEnergy Corp.,22989285130,39.79,-0.25%,13442000000
357,TEF,"Telefónica, S.A.",22747486231,4.04,,45168888889
358,CCJ,Cameco Corporation,22899645180,52.49,-0.25%,1945682707
359,FNV,Franco-Nevada Corporation,23077985770,119.31,0.45%,1095900000
360,ROL,"Rollins, Inc.",22612200450,46.84,0.52%,3310625000
361,PHM,"PulteGroup, Inc.",22537486390,110.58,-0.16%,17318809000
362,WRB,W. R. Berkley Corporation,22570716870,59.22,0.87%,13192566000
363,STM,STMicroelectronics N.V.,22991307566,25.58,-0.35%,14229000000
364,MKL,Markel Group Inc.,22595588279,1751.09,-0.23%,17422281000
365,LII,Lennox International Inc.,22447666262,632.23,0.17%,5151100000
366,WAT,Waters Corporation,22156200000,377.29,1.11%,2905147000
367,RKT,"Rocket Companies, Inc.",22161279950,11.20,0.81%,4025192000
368,BEKE,KE Holdings Inc.,22428928402,18.53,0.27%,11592221489
369,TDY,Teledyne Technologies Incorporated,22161490754,477.07,0.43%,5592700000
370,DRI,"Darden Restaurants, Inc.",22139350000,188.85,1.18%,11416400000
371,NTR,Nutrien Ltd.,21957724000,44.40,-0.22%,26557000000
372,ASX,"ASE Technology Holding Co., Ltd.",9309500000,10.41,-1.33%,18794776828
373,KB,KB Financial Group Inc.,21931295623,58.32,-2.07%,11312794935
374,RF,Regions Financial Corporation,21767838118,23.98,-0.17%,6557000000
375,ATO,Atmos Energy Corporation,21727995600,139.98,-0.06%,4165187000
376,IFF,International Flavors & Fragrances Inc.,21794333680,84.91,-0.24%,11416000000
377,TOST,"Toast, Inc.",21799800000,38.18,-0.52%,4658000000
378,EME,"EMCOR Group, Inc.",21310288817,466.59,0.67%,14235318000
379,PBA,Pembina Pipeline Corporation,21253239910,36.58,-0.84%,5665441176
380,PSTG,"Pure Storage, Inc.",21316325580,65.51,1.17%,3078127000
381,ZBH,"Zimmer Biomet Holdings, Inc.",21464158680,107.11,-0.18%,7595500000
382,UI,Ubiquiti Inc.,21225145500,352.14,0.42%,2015756000
383,TECK,Teck Resources Limited,21022720000,41.06,-0.30%,10902205882
384,CNP,"CenterPoint Energy, Inc.",21132247975,32.37,-0.08%,8563000000
385,PUK,Prudential plc,21404538662,16.20,1.09%,10831000000
386,ES,Eversource Energy,21062985372,57.37,0.15%,11623559000
387,MKC.V,"McCormick & Company, Incorporated",,77.69,-0.35%,6683400000
388,MKC,"McCormick & Company, Incorporated",20961739210,77.83,-0.26%,6678500000
389,BCE,BCE Inc.,20822859475,22.87,-0.15%,17985294118
390,FTS,Fortis Inc.,20807032000,41.78,-0.12%,8414705882
391,TSN,"Tyson Foods, Inc.",20246371157,58.09,0.61%,53309000000
392,STE,STERIS plc,20652528379,208.60,-0.04%,5120213000
393,LUV,Southwest Airlines Co.,20528997510,34.19,0.04%,27376000000
394,WY,Weyerhaeuser Company,20446017480,28.19,-0.25%,7190000000
395,PKG,Packaging Corporation of America,20532992336,229.20,0.17%,8175100000
396,DVN,Devon Energy Corporation,20340908500,31.10,-0.45%,15682000000
397,TS,Tenaris S.A.,21332919576,37.93,,14169223000
398,CLX,The Clorox Company,20316794435,164.13,0.43%,7469000000
399,TU,TELUS Corporation,20542500000,13.64,0.48%,14855147059
400,PINS,"Pinterest, Inc.",20345748142,29.93,0.11%,3473298000
401,CMS,CMS Energy Corporation,19993198275,66.84,0.03%,7476000000
402,INVH,Invitation Homes Inc.,19799393600,32.30,-0.11%,2584133000
403,IHG,InterContinental Hotels Group PLC,20064945525,127.04,0.31%,4624000000
404,VIK,Viking Holdings Ltd,19840813079,45.65,-0.04%,4932144000
405,LDOS,"Leidos Holdings, Inc.",19433182120,145.97,0.27%,16277000000
406,CFG,"Citizens Financial Group, Inc.",19307110810,43.96,-0.09%,7115000000
407,LH,Labcorp Holdings Inc.,19194382957,231.59,0.92%,12712800000
408,YPF,YPF Sociedad Anónima,16869953074,43.05,0.61%,17311000000
409,ESS,"Essex Property Trust, Inc.",18517394775,288.43,0.57%,1741729000
410,IP,International Paper Company,19175184560,55.14,0.05%,18640000000
411,BBY,"Best Buy Co., Inc.",18977601940,89.48,3.03%,42226000000
412,DKS,"DICK'S Sporting Goods, Inc.",18944154510,234.48,4.12%,13425370000
413,BBDO,Banco Bradesco S.A.,18551155190,1.80,-1.91%,15054917659
414,BBD,Banco Bradesco S.A.,18942424952,1.92,-0.78%,15054917659
415,YUMC,"Yum China Holdings, Inc.",19052759880,49.81,-1.22%,11201000000
416,TME,Tencent Music Entertainment Group,19767460987,11.92,0.21%,3772727273
417,NRG,"NRG Energy, Inc.",18815342910,92.88,-0.16%,28118000000
418,SNAP,Snap Inc.,18751200000,11.20,0.18%,5165402000
419,WSO.B,"Watsco, Inc.",,535.00,,7298117000
420,BF.A,Brown-Forman Corporation,,39.01,-0.41%,4178000000
421,FDS,FactSet Research Systems Inc.,18586734589,492.82,0.30%,2203056000
422,BF.B,Brown-Forman Corporation,18849700000,39.47,-1.04%,4079000000
423,MAA,"Mid-America Apartment Communities, Inc.",18097699200,155.25,0.31%,2183430000
424,L,Loews Corporation,18517578310,85.36,0.66%,17222000000
425,BURL,"Burlington Stores, Inc.",18549148200,295.16,2.12%,10484124000
426,TRU,TransUnion,18439489000,95.09,-0.46%,4101300000
427,WSO,"Watsco, Inc.",19690227467,487.12,-0.86%,7467552000
428,SNA,Snap-on Incorporated,18136800594,346.58,0.33%,5103000000
429,MT,ArcelorMittal S.A.,18173878737,23.22,-0.13%,68275000000
430,CTRA,Coterra Energy Inc.,18031855825,24.58,-0.61%,5659000000
431,ONON,On Holding AG,18013168831,56.39,-0.11%,2539764706
432,AER,AerCap Holdings N.V.,19352256010,95.59,-0.08%,7823010000
433,GFL,GFL Environmental Inc.,17059994700,44.79,0.18%,5705073529
434,ARE,"Alexandria Real Estate Equities, Inc.",17437752360,99.63,0.19%,3084665000
435,HRL,Hormel Foods Corporation,17359791060,31.68,0.21%,11920797000
436,NMR,"Nomura Holdings, Inc.",17331203661,5.87,1.21%,10317040951
437,KEY,KeyCorp,17079806090,17.38,0.03%,4852000000
438,CRBG,"Corebridge Financial, Inc.",17177032670,30.26,0.68%,15516000000
439,NI,NiSource Inc.,17172799410,36.85,-0.01%,5289300000
440,TWLO,Twilio Inc.,17151398880,111.53,0.13%,4339151000
441,CSL,Carlisle Companies Incorporated,17082348288,378.40,0.52%,5008200000
442,DGX,Quest Diagnostics Incorporated,17021287500,152.94,-0.31%,9539000000
443,BLDR,"Builders FirstSource, Inc.",16983093450,148.19,-0.42%,16731048000
444,OMC,Omnicom Group Inc.,16833404755,87.41,1.18%,15427800000
445,PNR,Pentair plc,16901478990,102.47,0.11%,4094500000
446,SHG,"Shinhan Financial Group Co., Ltd.",16745752723,33.67,-1.72%,14052720815
447,RBA,"RB Global, Inc.",16735661250,91.62,0.77%,4183500000
448,J,Jacobs Solutions Inc.,16896696165,136.21,0.15%,11500941000
449,RYAN,"Ryan Specialty Holdings, Inc.",16871364671,64.31,-0.28%,2385044000
450,MOH,"Molina Healthcare, Inc.",16879434000,294.06,-0.38%,39199000000
451,BALL,Ball Corporation,16792431020,56.21,0.09%,12318000000
452,TLK,Perusahaan Perseroan (Persero) PT Telekomunikasi Indonesia Tbk,16232431154,16.39,0.06%,9689036070
453,UMC,United Microelectronics Corporation,17069991300,6.67,-2.27%,6867195267
454,RCI,Rogers Communications Inc.,16574668504,30.71,0.72%,15042647059
455,BAH,Booz Allen Hamilton Holding Corporation,16588768590,130.43,0.56%,11429311000
456,JBL,Jabil Inc.,16490242827,147.65,-0.08%,28883000000
457,DG,Dollar General Corporation,16395483300,75.61,1.30%,40166324000
458,KOF,"Coca-Cola FEMSA, S.A.B. de C.V.",4135225188,78.84,-0.01%,14450943396
459,JEF,Jefferies Financial Group Inc.,16207706130,80.08,1.90%,6275406000
460,DT,"Dynatrace, Inc.",16440498720,55.09,0.04%,1563293000
461,UDR,"UDR, Inc.",14465446400,43.88,0.50%,1662387000
462,SUI,"Sun Communities, Inc.",15926297800,124.77,-0.44%,3201900000
463,GPC,Genuine Parts Company,16222720480,116.54,-0.64%,23302280000
464,RPM,RPM International Inc.,16136656760,125.63,-0.40%,7292209000
465,IEX,IDEX Corporation,16151779890,213.03,0.35%,3194800000
466,ZTO,ZTO Express (Cayman) Inc.,16190583196,19.90,0.71%,5896130899
467,USFD,US Foods Holding Corp.,16019215030,68.51,-0.38%,37322000000
468,KIM,Kimco Realty Corporation,15938645245,23.61,-0.06%,1963220000
469,MAS,Masco Corporation,15893150085,73.80,-0.45%,7882000000
470,EC,Ecopetrol S.A.,15531833425,7.55,-0.07%,36965987789
471,AMH,American Homes 4 Rent,13725727120,37.16,0.03%,1700761000
472,FNF,"Fidelity National Financial, Inc.",15578268270,57.01,0.30%,13492000000
473,EXPD,"Expeditors International of Washington, Inc.",15563900000,111.31,0.11%,9923578000
474,FIX,"Comfort Systems USA, Inc.",15524068416,438.94,0.48%,6517238000
475,EG,"Everest Group, Ltd.",15477883218,362.20,-0.05%,16305000000
476,XPO,"XPO, Inc.",15591465890,133.57,-1.08%,8090000000
477,TPR,"Tapestry, Inc.",15269683900,66.16,1.35%,6665500000
478,COHR,Coherent Corp.,15432373920,99.52,-0.26%,5002740000
479,H,Hyatt Hotels Corporation,15218244230,159.45,0.54%,6706000000
480,AVY,Avery Dennison Corporation,15208770056,189.34,-0.02%,8680500000
481,BSS,"Bentley Systems, Incorporated",,23.00,2.68%,
482,EQH,"Equitable Holdings, Inc.",14908574460,47.97,1.26%,10986000000
483,BAX,Baxter International Inc.,14916828420,29.30,0.76%,13988000000
484,DPZ,"Domino's Pizza, Inc.",14940615120,432.76,0.41%,4665474000
485,BIP,Brookfield Infrastructure Partners L.P.,14722232800,31.93,-0.22%,20565000000
486,WES,"Western Midstream Partners, LP",14982450350,39.03,-1.91%,3534928000
487,WLK,Westlake Corporation,14781883985,115.16,0.18%,12125000000
488,CF,"CF Industries Holdings, Inc.",14859567800,85.08,-0.38%,5983000000
489,OC,Owens Corning,14733453525,172.46,0.80%,10439000000
490,GME,GameStop Corp.,14440576000,32.96,5.84%,4334000000
491,RS,"Reliance, Inc.",14607068970,271.35,0.14%,14045700000
492,EDR,"Endeavor Group Holdings, Inc.",9619682625,31.24,-0.16%,7216061000
493,AVTR,"Avantor, Inc.",14537915040,21.48,0.56%,6819800000
494,AS,"Amer Sports, Inc.",15806186121,28.81,0.10%,4845500000
495,GWRE,"Guidewire Software, Inc.",14511478375,174.30,-0.18%,1035991000
496,BAP,Credicorp Ltd.,14565294269,182.60,-0.20%,4467351213
497,DOC,"Healthpeak Properties, Inc.",14209184545,20.27,-0.61%,2556113000
498,RL,Ralph Lauren Corporation,14470792394,232.65,0.47%,6740100000
499,ACM,AECOM,14390888960,108.55,0.13%,16105498000
500,TXT,Textron Inc.,14367904400,77.44,0.26%,13981000000
501,GGG,Graco Inc.,14353094250,84.89,0.17%,2131288000
502,BSBR,Banco Santander (Brasil) S.A.,29245041459,3.89,0.26%,65864310000
503,APTV,Aptiv PLC,14142116120,60.07,0.20%,19725000000
504,CNH,CNH Industrial N.V.,14001065800,11.28,0.76%,21752000000
505,RGA,"Reinsurance Group of America, Incorporated",14014605754,213.27,1.13%,21873000000
506,CHWY,"Chewy, Inc.",14292700000,34.01,-2.86%,11460614000
507,UHAL,U-Haul Holding Company,13794100000,70.60,0.36%,5642104000
508,SN,"SharkNinja, Inc.",13882375681,98.52,0.63%,5118951000
509,CW,Curtiss-Wright Corporation,13720740933,362.95,0.47%,3082667000
510,RVTY,"Revvity, Inc.",13639143140,112.46,0.11%,2721555000
511,EPAM,"EPAM Systems, Inc.",13714100092,241.01,-0.60%,4636846000
512,AMCR,Amcor plc,13716276600,9.45,-0.42%,13550000000
513,JHX,James Hardie Industries plc,13549428231,31.72,-0.47%,3935900000
514,ELS,"Equity LifeStyle Properties, Inc.",12926375340,67.45,-0.49%,1514487000
515,UNM,Unum Group,13352589440,73.77,0.59%,12795800000
516,BXP,"BXP, Inc.",12097072610,76.22,0.12%,3378081000
517,PFGC,Performance Food Group Company,13277702100,85.71,0.58%,58758100000
518,CAVA,"CAVA Group, Inc.",13287808969,116.42,-1.77%,913488000
519,FMS,Fresenius Medical Care AG,13389667525,22.87,0.70%,21376675556
520,RDY,Dr. Reddy's Laboratories Limited,13007817009,15.58,-0.61%,3349298140
521,CNA,CNA Financial Corporation,13190005400,48.79,0.35%,14088000000
522,CAG,"Conagra Brands, Inc.",13238470200,27.54,-0.36%,11928800000
523,PKX,POSCO Holdings Inc.,13260863839,43.74,-3.80%,56080344985
524,KMX,"CarMax, Inc.",13183257780,85.17,0.30%,25902067000
525,RNR,RenaissanceRe Holdings Ltd.,13061871200,250.96,0.40%,12642010000
526,EBR,Centrais Elétricas Brasileiras S.A. - Eletrobrás,13067568487,5.76,0.09%,7630165914
527,TOL,"Toll Brothers, Inc.",12911289640,128.27,0.31%,10846740000
528,UHAL.B,U-Haul Holding Company,,64.92,0.45%,5625674000
529,DVA,DaVita Inc.,12684580000,155.62,0.36%,12666614000
530,VIV,Telefônica Brasil S.A.,12619584908,7.79,-1.02%,10698182957
531,RBRK,"Rubrik, Inc.",12625286418,68.32,0.57%,803457000
532,CPT,Camden Property Trust,12447539080,116.50,0.06%,1581670000
533,CIEN,Ciena Corporation,12571581360,88.46,0.60%,4014955000
534,XPEV,XPeng Inc.,12665741813,13.25,2.08%,5310624017
535,CLH,"Clean Harbors, Inc.",12425359523,231.78,0.36%,5797005000
536,BJ,"BJ's Wholesale Club Holdings, Inc.",12458445610,94.49,0.74%,20580562000
537,SWK,"Stanley Black & Decker, Inc.",12438722340,80.90,-0.27%,15381700000
538,RTO,Rentokil Initial plc,12833969400,25.65,1.38%,6848101266
539,FTI,TechnipFMC plc,12409355550,29.24,0.52%,8793700000
540,JNPR,"Juniper Networks, Inc.",12391005825,37.57,0.19%,5034300000
541,SUZ,Suzano S.A.,12485385446,10.09,-0.25%,7970352651
542,HLI,"Houlihan Lokey, Inc.",12189700000,176.50,0.63%,2120152000
543,MGA,Magna International Inc.,12199104610,42.46,0.09%,42662000000
544,GFI,Gold Fields Limited,12100724480,13.46,-0.44%,4500700000
545,THC,Tenet Healthcare Corporation,12170514060,128.00,-1.32%,20983000000
546,JLL,Jones Lang LaSalle Incorporated,12090332901,255.14,-0.13%,22503400000
547,TAP.A,Molson Coors Beverage Company,,58.51,-2.66%,11952200000
548,TAP,Molson Coors Beverage Company,12000035958,58.31,-0.49%,11682200000
549,WPC,W. P. Carey Inc.,12030074560,54.83,-0.45%,1589290000
550,UHS,"Universal Health Services, Inc.",10623837818,181.14,-0.04%,15417759000
551,TFII,TFI International Inc.,11930558679,141.01,-0.24%,8288621000
552,AU,AngloGold Ashanti plc,11938338279,23.65,-0.17%,4501000000
553,SJM,The J. M. Smucker Company,11846229120,110.91,-0.56%,8831200000
554,PRMB,Primo Brands Corporation,11779459504,31.10,-0.10%,1458400000
555,ITT,ITT Inc.,11735592500,144.51,0.15%,3530800000
556,KVYO,"Klaviyo, Inc.",11737200000,43.49,-0.09%,868918000
557,SCI,Service Corporation International,11710624593,81.00,0.22%,4149152000
558,DAY,Dayforce Inc.,11729726000,74.17,-0.08%,1694500000
559,PAYC,"Paycom Software, Inc.",11704267809,209.08,-0.32%,1823922000
560,YMM,Full Truck Alliance Co. Ltd.,11649657818,11.15,-1.55%,1470834410
561,PCOR,"Procore Technologies, Inc.",11581668920,78.22,0.55%,1109701000
562,AFG,"American Financial Group, Inc.",11606020164,138.27,-0.05%,8258000000
563,NCLH,Norwegian Cruise Line Holdings Ltd.,11617085360,26.36,-0.23%,9356741000
564,ALLE,Allegion plc,11550296091,133.17,0.10%,3724000000
565,KGC,Kinross Gold Corporation,11589470000,9.38,-0.58%,4848700000
566,SOLV,Solventum Corporation,11551624173,66.94,0.57%,
567,BCH,Banco de Chile,11533615975,22.80,0.09%,3202462169
568,NVT,nVent Electric plc,11486027040,69.90,0.11%,3398100000
569,GMED,"Globus Medical, Inc.",11450407106,84.42,1.14%,2478596000
570,ACI,"Albertsons Companies, Inc.",11392878420,19.83,0.99%,79713700000
571,EVR,Evercore Inc.,10632397567,282.54,1.17%,2788428000
572,CLS,Celestica Inc.,11301263152,98.22,0.71%,9240800000
573,BIRK,Birkenstock Holding plc,11341127700,60.22,0.12%,2005211111
574,BEP,Brookfield Renewable Partners L.P.,6614147534,23.03,-1.33%,5767000000
575,WPP,WPP plc,11238140046,52.08,-0.10%,18798227848
576,AIZ,"Assurant, Inc.",11138341095,217.42,0.92%,11755800000
577,PR,Permian Resources Corporation,11109643822,13.86,-0.64%,4827339000
578,SF,Stifel Financial Corp.,10915947450,107.90,0.58%,4752017000
579,KNSL,"Kinsale Capital Group, Inc.",11015224000,472.02,0.23%,1526573000
580,BEN,"Franklin Resources, Inc.",10934200000,20.97,0.41%,8478000000
581,ALLY,Ally Financial Inc.,10933174200,36.00,0.70%,8156000000
582,DOCS,"Doximity, Inc.",10834210111,58.39,0.21%,516849000
583,BG,Bunge Global SA,10969222784,78.03,-1.35%,54502000000
584,FND,"Floor & Decor Holdings, Inc.",10900031150,101.42,-0.89%,4396475000
585,FHN,First Horizon Corporation,10729993120,20.49,0.66%,3070000000
586,MTZ,"MasTec, Inc.",10967700000,138.51,0.06%,12180445000
587,SNN,Smith & Nephew plc,10670867488,24.47,0.10%,5549000093
588,ESTC,Elastic N.V.,10748711040,103.65,0.03%,1375737000
589,BEPC,Brookfield Renewable Corporation,5143660524,28.37,-1.01%,4713000000
590,SQM,Sociedad Química y Minera de Chile S.A.,10204891960,37.41,-0.17%,7467490000
591,IPG,"The Interpublic Group of Companies, Inc.",10642753550,28.63,1.01%,10858000000
592,PSO,Pearson plc,10943057518,16.16,-0.03%,4492405063
593,NLY,"Annaly Capital Management, Inc.",10656353809,18.99,-0.81%,320328000
594,EMN,Eastman Chemical Company,10601402980,91.52,-0.06%,9344000000
595,ATR,"AptarGroup, Inc.",10579703368,159.20,-0.09%,3573282000
596,OHI,"Omega Healthcare Investors, Inc.",10290417760,38.16,-0.08%,1011391000
597,RRX,Regal Rexnord Corporation,10470662610,159.58,0.65%,6180900000
598,PAG,"Penske Automotive Group, Inc.",10446041340,157.44,-0.06%,30007400000
599,ALB,Albemarle Corporation,10459884600,89.17,-0.92%,6501978000
600,EDU,New Oriental Education & Technology Group Inc.,10433967845,63.96,0.13%,4648981000
601,IONQ,"IonQ, Inc.",10205046720,48.26,8.25%,37469000
602,MGM,MGM Resorts International,10364329400,34.98,0.68%,17269546000
603,MUSA,Murphy USA Inc.,10414314621,513.72,-0.12%,20602800000
604,BWXT,"BWX Technologies, Inc.",10337230458,113.07,0.18%,2682902000
605,SKX,"Skechers U.S.A., Inc.",10228376374,68.00,0.40%,8717875000
606,CNM,"Core & Main, Inc.",9800439170,51.66,0.37%,7183000000
607,SNX,TD SYNNEX Corporation,10159932640,120.26,0.86%,57015179000
608,ULS,UL Solutions Inc.,10219013772,51.12,0.44%,2815000000
609,AR,Antero Resources Corporation,10279302740,32.82,-1.29%,4350988000
610,DTM,"DT Midstream, Inc.",10195005960,100.46,-1.97%,976000000
611,OVV,Ovintiv Inc.,10122386351,38.71,-0.13%,10130000000
612,WTRG,"Essential Utilities, Inc.",10023301500,36.67,0.74%,1961149000
613,APG,APi Group Corporation,10158589423,36.63,-0.22%,6916000000
614,QGEN,Qiagen N.V.,9980896530,45.03,-0.07%,1966174000
615,AOS,A. O. Smith Corporation,9988700000,68.86,-0.04%,3893800000
616,PSN,Parsons Corporation,9937260200,93.71,0.30%,6510485000
617,ARMK,Aramark,9935761292,37.65,-0.07%,17400701000
618,AA,Alcoa Corporation,9898871825,38.41,-0.52%,11004000000
619,BRBR,"BellRing Brands, Inc.",9937523750,77.00,0.44%,1996200000
620,BNT,Brookfield Wealth Solutions Ltd.,9815677748,57.61,0.40%,9265000000
621,BROS,Dutch Bros Inc.,8412708154,55.84,1.88%,1192352000
622,NIO,NIO Inc.,8650718186,4.68,1.36%,8866756742
623,CCK,"Crown Holdings, Inc.",10017983680,83.18,-0.62%,11756000000
624,CUBE,CubeSmart,9772071130,43.13,-0.19%,1063630000
625,SBS,Companhia de Saneamento Básico do Estado de São Paulo - SABESP,9863049300,14.40,0.52%,5250935524
626,LAD,"Lithia Motors, Inc.",9739093064,366.52,0.68%,34688900000
627,U,Unity Software Inc.,9587592000,24.17,6.01%,1965424000
628,PNW,Pinnacle West Capital Corporation,9722487000,85.45,-0.19%,5021081000
629,TPX,"Tempur Sealy International, Inc.",9691573930,55.86,-0.27%,4893500000
630,FRT,Federal Realty Investment Trust,9582251198,112.79,0.05%,1182820000
631,FOUR,"Shift4 Payments, Inc.",7304582700,107.09,1.64%,3149000000
632,WBS,Webster Financial Corporation,9549251100,55.86,0.50%,2369647000
633,CRL,"Charles River Laboratories International, Inc.",9502640046,186.88,0.32%,4060916000
634,ALSN,"Allison Transmission Holdings, Inc.",9530240456,110.04,0.82%,3204000000
635,EHC,Encompass Health Corporation,9493672500,94.34,0.18%,5215000000
636,RBC,RBC Bearings Incorporated,9541861626,304.29,-0.11%,1591800000
637,GLOB,Globant S.A.,9502113242,220.13,0.30%,2353911000
638,AEG,Aegon Ltd.,9253711050,5.87,0.43%,55687777778
639,AIT,"Applied Industrial Technologies, Inc.",9348266475,244.65,0.47%,4483162000
640,UWMC,UWM Holdings Corporation,9412173233,5.85,1.48%,1488901000
641,LW,"Lamb Weston Holdings, Inc.",9322302555,65.33,2.58%,6325200000
642,BIO,"Bio-Rad Laboratories, Inc.",9193905765,332.34,0.55%,2580209000
643,GL,Globe Life Inc.,9291900000,110.76,0.06%,5727483000
644,GNRC,Generac Holdings Inc.,9266406989,156.00,0.84%,4124703000
645,GAP,"The Gap, Inc.",9394109020,24.58,2.27%,15235000000
646,ORI,Old Republic International Corporation,9270043920,36.80,0.52%,8170400000
647,AYI,"Acuity Brands, Inc.",9347518878,302.80,-0.12%,3841000000
648,PEN,"Penumbra, Inc.",9207170080,241.05,0.29%,1163776000
649,WAL,Western Alliance Bancorporation,9196815295,84.75,,2910700000
650,BILL,"BILL Holdings, Inc.",9206575635,89.23,2.52%,1343637000
651,BIO.B,"Bio-Rad Laboratories, Inc.",,325.85,,
652,MLI,"Mueller Industries, Inc.",9192631375,81.06,0.53%,3577607000
653,BLD,TopBuild Corp.,9228855819,313.67,0.39%,5303671000
654,CACI,CACI International Inc,9072632016,408.75,0.96%,7866574000
655,AES,The AES Corporation,9168693165,12.83,-1.46%,12284000000
656,PRI,"Primerica, Inc.",9067676808,273.12,0.52%,3046672000
657,PAC,"Grupo Aeroportuario del Pacífico, S.A.B. de C.V.",9331506248,180.79,-0.46%,1958970755
658,STN,Stantec Inc.,9071748510,79.74,0.20%,4140000000
659,WMS,"Advanced Drainage Systems, Inc.",9046148454,117.02,0.69%,2914153000
660,INGR,Ingredion Incorporated,9057557976,138.98,-0.35%,7551000000
661,REXR,"Rexford Industrial Realty, Inc.",8679959760,39.14,1.20%,903937000
662,KNTK,Kinetik Holdings Inc.,3446628024,57.02,-1.14%,1446081000
663,CR,Crane Company,8921335072,156.65,0.49%,2276600000
664,BSAC,Banco Santander-Chile,8974740750,18.98,0.42%,2188949824
665,KEP,Korea Electric Power Corporation,9006754920,7.04,-1.40%,67538920630
666,SUM,"Summit Materials, Inc.",8891675040,50.70,0.12%,3754547000
667,VNO,Vornado Realty Trust,8146431770,42.66,0.57%,1771782000
668,WCC,"WESCO International, Inc.",8749743552,180.03,-0.17%,21792500000
669,NYT,The New York Times Company,8708596380,53.73,0.67%,2535505000
670,CRS,Carpenter Technology Corporation,8724746622,175.63,0.64%,2825300000
671,CFR,"Cullen/Frost Bankers, Inc.",8703019490,136.45,0.36%,1964467000
672,KNX,Knight-Swift Transportation Holdings Inc.,8658037640,53.74,0.89%,7477716000
673,FLR,Fluor Corporation,8599812240,50.66,-0.06%,7914000000
674,FBIN,"Fortune Brands Innovations, Inc.",8656688810,69.92,0.11%,4666200000
675,VFC,V.F. Corporation,8531925885,22.11,1.05%,9999341000
676,SARO,"StandardAero, Inc.",8637471853,25.50,0.08%,4708470000
677,ONTO,Onto Innovation Inc.,8529900000,172.44,-0.15%,942239000
678,ALK,"Alaska Air Group, Inc.",8518009500,67.02,-0.86%,10754000000
679,PLNT,"Planet Fitness, Inc.",8445132481,100.46,-0.59%,1126290000
680,EXP,Eagle Materials Inc.,8404969738,251.91,0.67%,2267848000
681,BRX,Brixmor Property Group Inc.,8373200000,27.76,0.14%,1273097000
682,GKOS,Glaukos Corporation,8337900000,152.15,0.61%,360347000
683,LTM,LATAM Airlines Group S.A.,8501420695,27.61,-1.85%,11640541000
684,TFX,Teleflex Incorporated,8241434565,180.18,1.65%,3025824000
685,RRC,Range Resources Corporation,8373457000,34.56,-0.42%,2731802000
686,OGE,OGE Energy Corp.,8299152400,41.41,-0.22%,2791500000
687,SKM,"SK Telecom Co., Ltd.",8307416471,21.49,-0.78%,13743508625
688,BBWI,"Bath & Body Works, Inc.",8297256420,38.29,-2.05%,7432000000
689,GPK,Graphic Packaging Holding Company,8259852800,27.60,-0.24%,8961000000
690,INFA,Informatica Inc.,9435209500,27.01,0.30%,1656891000
691,TTC,The Toro Company,8174655360,81.40,0.68%,4583800000
692,GTLS,"Chart Industries, Inc.",8321621618,195.70,1.91%,4068500000
693,KD,"Kyndryl Holdings, Inc.",8206132310,35.42,1.24%,15299000000
694,CMA,Comerica Incorporated,8140716600,62.53,0.18%,3161000000
695,DCI,"Donaldson Company, Inc.",8113734500,68.62,1.05%,3640100000
696,FN,Fabrinet,8002512135,224.92,1.66%,3001718000
697,CIB,Bancolombia S.A.,7764300000,32.49,0.60%,5444543378
698,CX,"CEMEX, S.A.B. de C.V.",8556198636,5.70,0.62%,17388000000
699,EGP,"EastGroup Properties, Inc.",8018917088,162.90,0.57%,625339000
700,IVZ,Invesco Ltd.,8015762400,17.87,0.68%,5887400000
701,ZK,ZEEKR Intelligent Technology Holding Limited,7878141972,32.35,8.81%,9760214888
702,ATI,ATI Inc.,7960905830,56.05,0.41%,4253400000
703,WF,Woori Financial Group Inc.,7949718912,31.90,-1.14%,8078305281
704,ASR,"Grupo Aeroportuario del Sureste, S. A. B. de C. V.",7925322185,264.41,-0.52%,1522502594
705,WH,"Wyndham Hotels & Resorts, Inc.",7932952814,102.02,0.04%,1389000000
706,HESM,Hess Midstream LP,7989648763,36.36,-2.52%,1456100000
707,CAE,CAE Inc.,7926593840,25.00,0.77%,3257279412
708,SMAR,Smartsheet Inc.,7840112000,56.05,0.08%,1083216000
709,SSB,SouthState Corporation,7637641775,102.43,1.27%,1667615000
710,ANF,Abercrombie & Fitch Co.,7710549189,154.98,1.91%,4816577000
711,CHE,Chemed Corporation,7814774334,522.17,0.44%,2377206000
712,MNSO,MINISO Group Holding Limited,7740796855,25.07,1.05%,2264414747
713,AGI,Alamos Gold Inc.,7760133560,18.40,0.44%,1225700000
714,KBR,"KBR, Inc.",7702053752,57.83,1.04%,7350000000
715,KT,KT Corporation,7935266185,15.99,-0.96%,20533697498
716,FLS,Flowserve Corporation,7679000000,58.48,0.05%,4542636000
717,RLI,RLI Corp.,7648982995,167.31,0.13%,1764783000
718,MOS,The Mosaic Company,7667950300,24.08,-0.80%,11456400000
719,NNN,"NNN REIT, Inc.",7649185540,40.76,0.11%,867015000
720,G,Genpact Limited,7587050220,43.14,1.03%,4664651000
721,TREX,"Trex Company, Inc.",7537044680,70.99,-0.17%,1179567000
722,AXS,AXIS Capital Holdings Limited,7576669578,90.63,0.72%,5967183000
723,RH,RH,7591616652,406.50,-1.74%,3106607000
724,CE,Celanese Corporation,7544714240,69.13,1.07%,10479000000
725,MHK,"Mohawk Industries, Inc.",7546151415,119.66,-0.45%,10811978000
726,AXTA,Axalta Coating Systems Ltd.,7510089720,34.62,0.52%,5262300000
727,PAAS,Pan American Silver Corp.,7612214850,20.86,0.51%,2673400000
728,HII,"Huntington Ingalls Industries, Inc.",7530844324,192.02,-0.23%,11708000000
729,BERY,"Berry Global Group, Inc.",7506432000,65.06,-0.15%,12258000000
730,DLB,"Dolby Laboratories, Inc.",7515062721,78.42,0.18%,1273721000
731,ESAB,ESAB Corporation,7436027327,122.99,0.52%,2759395000
732,ALV,"Autoliv, Inc.",7375096705,94.16,0.50%,10526000000
733,HRB,"H&R Block, Inc.",7412818140,53.98,-0.58%,3620357000
734,ELF,"e.l.f. Beauty, Inc.",7430600000,130.89,-0.78%,1217638000
735,LPX,Louisiana-Pacific Corporation,7326546642,104.82,-0.26%,2918000000
736,SNV,Synovus Financial Corp.,7280200000,51.96,1.11%,1747993000
737,S,"SentinelOne, Inc.",7204476408,22.86,0.75%,770115000
738,ADC,Agree Realty Corporation,7343921620,70.92,-0.04%,600525000
739,AM,Antero Midstream Corporation,7301685080,15.16,-0.95%,1078886000
740,RHI,Robert Half Inc.,7395352875,71.79,0.57%,5886357000
741,PB,"Prosperity Bancshares, Inc.",7262028081,76.34,0.20%,1149178000
742,BMA,Banco Macro S.A.,6420607338,101.04,1.00%,3519599964
743,PATH,UiPath Inc.,7216200000,13.18,0.38%,1411271000
744,DDS,"Dillard's, Inc.",7115298280,454.65,-0.08%,6697476000
745,GIL,Gildan Activewear Inc.,7289490510,47.32,1.05%,3231779000
746,MTN,"Vail Resorts, Inc.",7046468456,191.17,0.97%,2886901000
747,SSD,"Simpson Manufacturing Co., Inc.",7075135980,168.80,0.60%,2216420000
748,CWAN,"Clearwater Analytics Holdings, Inc.",7025051158,28.58,0.19%,424357000
749,BWA,BorgWarner Inc.,7046514000,32.28,0.33%,14169000000
750,AZEK,The AZEK Company Inc.,7044968160,49.27,0.02%,1441448000
751,WFG,West Fraser Timber Co. Ltd.,6853850404,87.36,-0.45%,6283000000
752,AGCO,AGCO Corporation,7027108542,93.85,-0.18%,12575300000
753,VIPS,Vipshop Holdings Limited,6927786519,13.62,-0.11%,15431385674
754,JOBY,"Joby Aviation, Inc.",6963277212,9.14,10.65%,1113000
755,X,United States Steel Corporation,7117655310,31.01,-3.00%,16275000000
756,ENLC,"EnLink Midstream, LLC",6586421930,14.26,-1.08%,6663700000
757,WEX,WEX Inc.,6892667576,175.01,1.94%,2655000000
758,FR,"First Industrial Realty Trust, Inc.",6753769419,51.02,0.39%,651329000
759,SUN,Sunoco LP,6970102500,50.96,-1.98%,23065000000
760,LEVI,Levi Strauss & Co.,6918900000,17.45,0.09%,6157900000
761,LOAR,Loar Holdings Inc.,7175282789,76.98,2.15%,378813000
762,BRFS,BRF S.A.,6744481830,4.13,-3.40%,11009330595
763,WTS,"Watts Water Technologies, Inc.",6804337552,206.88,1.01%,2259300000
764,AN,"AutoNation, Inc.",6854629749,173.50,-0.20%,26319600000
765,JHG,Janus Henderson Group plc,6912307625,43.47,0.30%,2333400000
766,SPXC,"SPX Technologies, Inc.",6824464227,147.59,0.63%,1919600000
767,FCN,"FTI Consulting, Inc.",6987931363,193.48,-0.31%,3728412000
768,R,"Ryder System, Inc.",6749093018,159.93,1.18%,12471000000
769,MTDR,Matador Resources Company,6748347705,54.18,0.04%,3370744000
770,POST,"Post Holdings, Inc.",6645388132,114.72,0.44%,7922700000
771,JXN,Jackson Financial Inc.,6607305530,89.96,0.51%,3938000000
772,MSA,MSA Safety Incorporated,6669317634,168.87,-0.04%,1803801000
773,VOYA,"Voya Financial, Inc.",6615977184,68.99,1.14%,7859000000
774,PJT,PJT Partners Inc.,6228543959,160.63,1.09%,1344450000
775,ERJ,Embraer S.A.,6619043330,36.36,-0.60%,5268500000
776,CHH,"Choice Hotels International, Inc.",6640197388,141.12,0.29%,1553465000
777,STWD,"Starwood Property Trust, Inc.",6547647200,19.41,-0.46%,2014732000
778,FAF,First American Financial Corporation,6529423560,63.39,-0.22%,5872300000
779,BMI,"Badger Meter, Inc.",6451531152,219.91,-0.04%,803816000
780,DINO,HF Sinclair Corporation,6434798400,34.31,-0.26%,29740252000
781,ZWS,Zurn Elkay Water Solutions Corporation,6416037770,37.97,0.40%,1552600000
782,BFAM,Bright Horizons Family Solutions Inc.,6366987576,110.52,0.75%,2627515000
783,BLCO,Bausch + Lomb Corporation,6317822698,18.20,1.90%,4684000000
784,CADE,Cadence Bank,6357281070,35.01,0.69%,742460000
785,WHR,Whirlpool Corporation,6354850425,116.15,-0.34%,17560000000
786,RHP,"Ryman Hospitality Properties, Inc.",6394400000,107.28,0.50%,2324656000
787,BYD,Boyd Gaming Corporation,6348989053,72.28,0.83%,3843691000
788,QTWO,"Q2 Holdings, Inc.",6351769160,105.61,0.81%,675537000
789,MOG.A,Moog Inc.,6316000000,198.44,0.55%,3609160000
790,OMF,"OneMain Holdings, Inc.",6313720800,53.10,0.21%,2475000000
791,TMHC,Taylor Morrison Home Corporation,6328714480,61.23,0.11%,7831512000
792,AWI,"Armstrong World Industries, Inc.",6305469012,145.30,0.40%,1390300000
793,MOD,Modine Manufacturing Company,6265457439,120.44,1.57%,2484400000
794,MOG.B,Moog Inc.,,189.87,-9.90%,3509380000
795,STAG,"STAG Industrial, Inc.",6263537500,34.26,0.22%,751366000
796,WK,Workiva Inc.,6280771628,113.13,-0.04%,705444000
797,ADT,ADT Inc.,5903326455,6.98,1.53%,4879961000
798,ESI,Element Solutions Inc,6265967625,25.83,0.35%,2406100000
799,ICL,ICL Group Ltd,6263145528,4.83,-3.01%,6930000000
800,HIMS,"Hims & Hers Health, Inc.",6129696675,28.50,1.24%,1241994000
801,VMI,"Valmont Industries, Inc.",6235417188,310.44,-0.31%,4053266000
802,OSK,Oshkosh Corporation,6172391225,95.46,0.78%,10598900000
803,COTY,Coty Inc.,6156703095,7.08,0.57%,6148100000
804,FMC,FMC Corporation,6160694051,49.13,-1.23%,4167900000
805,HR,Healthcare Realty Trust Incorporated,6031683760,17.05,0.18%,1288991000
806,KEX,Kirby Corporation,6107934000,106.73,0.30%,3262737000
807,SITE,"SiteOne Landscape Supply, Inc.",6069663468,135.19,0.50%,4492500000
808,GGB,Gerdau S.A.,6064982184,2.97,-1.00%,14151221150
809,COLD,"Americold Realty Trust, Inc.",6164134730,21.44,0.05%,2679397000
810,FSK,FS KKR Capital Corp.,6092835830,21.75,0.60%,1761000000
811,EAT,"Brinker International, Inc.",6039111633,137.01,-0.13%,4541600000
812,MTG,MGIC Investment Corporation,6059223975,23.96,0.59%,1190244000
813,ARW,"Arrow Electronics, Inc.",6092582063,115.21,-0.23%,28489604000
814,UGI,UGI Corporation,5955972180,28.13,0.77%,7210000000
815,PVH,PVH Corp.,6017286912,108.50,-0.12%,8771200000
816,OBDC,Blue Owl Capital Corporation,6017146140,15.44,-0.29%,1613593000
817,TAL,TAL Education Group,4539788511,9.94,0.56%,1836617000
818,TEO,Telecom Argentina S.A.,6443402778,12.85,5.96%,2546816327
819,STVN,Stevanato Group S.p.A.,6019896963,21.95,4.52%,1215643333
820,ELAN,Elanco Animal Health Incorporated,5959425415,12.07,1.56%,4454000000
821,TRNO,Terreno Realty Corporation,5928290008,59.46,0.68%,365396000
822,KNF,Knife River Corporation,5912064783,104.75,1.14%,2888677000
823,IDA,"IDACORP, Inc.",5872462752,110.07,-0.34%,1840455000
824,TIMB,TIM S.A.,5736362777,11.79,-2.40%,4894023203
825,CMC,Commercial Metals Company,5784437520,51.06,1.11%,7925972000
826,GBCI,"Glacier Bancorp, Inc.",5754948500,51.23,0.56%,784622000
827,ESNT,Essent Group Ltd.,5748247560,54.50,1.23%,1225154000
828,MC,Moelis & Company,5297531835,75.39,0.73%,970704000
829,TKC,Turkcell Iletisim Hizmetleri A.S.,5673476101,6.56,1.47%,3632288369
830,LUMN,"Lumen Technologies, Inc.",5845305600,5.68,-2.49%,13296000000
831,FSS,Federal Signal Corporation,5695116480,94.02,0.46%,1837900000
832,HOMB,"Home Bancshares, Inc. (Conway, AR)",5697550680,28.85,1.19%,967582000
833,AMG,"Affiliated Managers Group, Inc.",5666903999,189.39,1.01%,2019200000
834,RITM,Rithm Capital Corp.,5709256020,11.00,-0.27%,4245447000
835,TX,Ternium S.A.,57204057224,29.02,0.48%,18745846325
836,CIG.C,Companhia Energética de Minas Gerais - CEMIG,,2.40,-1.03%,
837,CIG,Companhia Energética de Minas Gerais - CEMIG,5666470688,1.79,-1.11%,7566735113
838,KRG,Kite Realty Group Trust,5555353140,25.31,0.08%,827402000
839,SLGN,Silgan Holdings Inc.,5652659350,52.89,-0.13%,5783623000
840,MTH,Meritage Homes Corporation,5641304130,156.09,-0.01%,6433727000
841,INSP,"Inspire Medical Systems, Inc.",5582533801,188.23,1.04%,755594000
842,SHAK,Shake Shack Inc.,5287619540,132.72,0.52%,1210167000
843,EPRT,"Essential Properties Realty Trust, Inc.",5609747340,32.01,0.18%,427635000
844,NOV,NOV Inc.,5647554260,14.46,-0.31%,8905000000
845,GATX,GATX Corporation,5580736279,158.15,0.27%,1540700000
846,W,Wayfair Inc.,5590483133,44.82,0.16%,11844000000
847,VNT,Vontier Corporation,5588191000,37.38,0.73%,2991200000
848,THG,"The Hanover Insurance Group, Inc.",5603898816,155.76,0.23%,6181900000
849,BIPC,Brookfield Infrastructure Corporation,5147114061,39.05,1.36%,3639000000
850,GPI,"Group 1 Automotive, Inc.",5680521316,429.31,0.73%,18868300000
851,SMR,NuScale Power Corporation,2158420950,21.83,3.90%,7381000
852,ALTM,Arcadium Lithium plc,5673948778,5.18,-1.52%,
853,BE,Bloom Energy Corporation,5515538880,24.31,-0.08%,1258380000
854,AL,Air Lease Corporation,5483089710,49.56,0.70%,2737330000
855,NFG,National Fuel Gas Company,5527021494,60.63,-0.72%,1944810000
856,PAM,Pampa Energía S.A.,4855006261,87.68,-0.60%,1732000000
857,HRI,Herc Holdings Inc.,5465187063,192.84,0.73%,3449000000
858,CNX,CNX Resources Corporation,5457347760,36.69,-0.01%,2098976000
859,LNC,Lincoln National Corporation,5442458850,32.14,1.26%,14079000000
860,USM,United States Cellular Corporation,5451109873,63.47,1.24%,3799000000
861,DNB,"Dun & Bradstreet Holdings, Inc.",5423737253,12.32,0.57%,2380200000
862,FNB,F.N.B. Corporation,5350639680,14.98,0.23%,1490000000
863,GTES,Gates Industrial Corporation plc,5305800000,21.03,0.94%,3442100000
864,FG,"F&G Annuities & Life, Inc.",5338801330,42.45,0.78%,5797000000
865,MSGS,Madison Square Garden Sports Corp.,5277113464,222.03,0.38%,1037410000
866,DAR,Darling Ingredients Inc.,5271645960,33.34,-1.07%,5911565000
867,PFSI,"PennyMac Financial Services, Inc.",5274940198,103.28,1.08%,1485560000
868,MAC,The Macerich Company,5027701210,20.60,1.80%,883216000
869,DY,"Dycom Industries, Inc.",5120370450,178.35,1.62%,4569944000
870,ASAN,"Asana, Inc.",5027300000,22.74,3.44%,706677000
871,HMY,Harmony Gold Mining Company Limited,5312611581,8.32,,169554574
872,SNDR,"Schneider National, Inc.",5180225802,29.64,0.95%,5323100000
873,THO,"THOR Industries, Inc.",5145290264,97.03,1.24%,9685433000
874,LEA,Lear Corporation,5167042511,94.98,-0.21%,23432600000
875,SKY,"Champion Homes, Inc.",5131280987,89.75,-2.33%,2340474000
876,CTRE,"CareTrust REIT, Inc.",5143807200,27.41,0.07%,269076000
877,HXL,Hexcel Corporation,5122572804,63.30,0.78%,1886700000
878,SLG,SL Green Realty Corp.,4880932953,68.07,-0.34%,936238000
879,GXO,"GXO Logistics, Inc.",5049300000,42.78,1.23%,11049000000
880,NEU,NewMarket Corporation,5101666817,532.54,0.59%,2775261000
881,MAIN,Main Street Capital Corporation,5072891846,57.72,1.26%,529895000
882,VIST,"Vista Energy, S.A.B. de C.V.",5221300000,54.14,0.26%,1521350000
883,SWX,"Southwest Gas Holdings, Inc.",5018830534,70.54,0.03%,5209839000
884,TKR,The Timken Company,5044581954,72.14,0.43%,4590600000
885,CBT,Cabot Corporation,4993931502,92.68,0.14%,3994000000
886,M,"Macy's, Inc.",4918321740,18.09,7.52%,23374000000
887,AMTM,"Amentum Holdings, Inc.",4992536260,20.61,4.01%,8388000000
888,CWEN.A,"Clearway Energy, Inc.",,24.80,-1.39%,1289000000
889,KRC,Kilroy Realty Corporation,4943808360,42.00,0.29%,1118266000
890,SEE,Sealed Air Corporation,4963726440,34.30,0.79%,5397300000
891,TGS,Transportadora de Gas del Sur S.A.,5009724190,28.95,0.70%,560060302
892,FUN,Six Flags Entertainment Corporation,4920690530,49.46,0.79%,2392739000
893,IBP,"Installed Building Products, Inc.",4984457904,177.16,-0.05%,2911826000
894,SOBO,South Bow Corporation,5012825160,24.23,1.25%,
895,BBU,Brookfield Business Partners L.P.,1670600000,22.66,0.75%,46598000000
896,NSA,National Storage Affiliates Trust,2897287200,38.13,0.21%,795629000
897,ACA,"Arcosa, Inc.",4902556168,100.31,0.29%,2485900000
898,WTM,"White Mountains Insurance Group, Ltd.",4958000000,1930.58,1.21%,2618600000
899,ABG,"Asbury Automotive Group, Inc.",4864163875,249.28,0.90%,16495800000
900,PIPR,Piper Sandler Companies,5452794855,306.26,0.90%,1513658000
901,ACHR,Archer Aviation Inc.,4803454932,11.33,4.86%,
902,CRK,"Comstock Resources, Inc.",4886311659,16.67,-0.74%,1297657000
903,CUZ,Cousins Properties Incorporated,5148207636,30.77,0.85%,828409000
904,KBH,KB Home,4866477420,66.24,-0.24%,6604175000
905,PHI,PLDT Inc.,4796443200,22.00,0.27%,3807815884
906,SON,Sonoco Products Company,4852059048,49.18,-0.71%,6572688000
907,AI,"C3.ai, Inc.",4702409250,37.32,4.49%,346542000
908,NE,Noble Corporation plc,4738515735,29.87,1.36%,2773456000
909,RDN,Radian Group Inc.,4752452030,32.15,0.69%,1300444000
910,INGM,Ingram Micro Holding Corporation,4791615960,20.37,-0.29%,47877619000
911,SFBS,"ServisFirst Bancshares, Inc.",4724510602,87.61,0.97%,439848000
912,CNS,"Cohen & Steers, Inc.",4754961090,94.47,0.82%,496822000
913,KTB,"Kontoor Brands, Inc.",4767534090,86.56,0.42%,2578094000
914,VVV,Valvoline Inc.,4713264380,36.95,0.35%,1619000000
915,BOOT,"Boot Barn Holdings, Inc.",4685328297,155.25,4.67%,1758043000
916,BCC,Boise Cascade Company,4711092282,123.07,-0.10%,6801070000
917,LAZ,"Lazard, Inc.",4538581608,52.08,0.31%,3040989000
918,CRC,California Resources Corporation,4722800000,51.21,-0.57%,3047000000
919,IRT,"Independence Realty Trust, Inc.",4590853315,20.34,0.07%,646117000
920,NJR,New Jersey Resources Corporation,4647244678,46.80,-0.06%,1796539000
921,LB,LandBridge Company LLC,1094812750,63.65,4.41%,
922,BDC,Belden Inc.,4618500000,115.36,0.75%,2346180000
923,BOX,"Box, Inc.",4622957680,32.21,0.59%,1073488000
924,CLF,Cleveland-Cliffs Inc.,4601088360,9.36,-1.11%,19972000000
925,POR,Portland General Electric Company,4622136480,43.80,0.07%,3341000000
926,MATX,"Matson, Inc.",4605244428,138.47,-0.58%,3320400000
927,WHD,"Cactus, Inc.",3824632772,57.72,0.64%,1132559000
928,LTH,"Life Time Group Holdings, Inc.",4633082323,22.19,0.05%,2516546000
929,ITGR,Integer Holdings Corporation,4519784500,136.09,0.99%,1695575000
930,AGO,Assured Guaranty Ltd.,4547986480,89.68,0.84%,1043000000
931,MGY,Magnolia Oil & Gas Corporation,4409110880,23.13,-0.47%,1311905000
932,LRN,"Stride, Inc.",4623420550,105.68,0.19%,2110972000
933,BBAR,Banco BBVA Argentina S.A.,4539494052,19.51,0.26%,2417116948
934,ZETA,Zeta Global Holdings Corp.,4523383428,18.95,1.12%,901401000
935,GBTG,"Global Business Travel Group, Inc.",4453301430,9.55,0.74%,2381000000
936,TNET,"TriNet Group, Inc.",4470020040,90.34,-0.18%,4972000000
937,AHR,"American Healthcare REIT, Inc.",4336258075,28.64,0.40%,2010509000
938,MMS,"Maximus, Inc.",4398542135,73.36,0.54%,5306197000
939,ABCB,Ameris Bancorp,4387807705,63.91,0.52%,1045079000
940,TXNM,"TXNM Energy, Inc.",4378327416,48.72,-0.18%,1906349000
941,AROC,"Archrock, Inc.",4343819200,24.87,0.26%,1090768000
942,PRIM,Primoris Services Corporation,4319070371,81.08,0.83%,6141057000
943,BC,Brunswick Corporation,4329157752,65.97,-0.03%,5444100000
944,GOLF,Acushnet Holdings Corp.,4340548783,71.53,1.12%,2424883000
945,FLO,"Flowers Foods, Inc.",4349901690,20.56,0.19%,5121389000
946,SM,SM Energy Company,4298112170,37.69,0.40%,2446764000
947,MSM,"MSC Industrial Direct Co., Inc.",4277238896,76.37,-0.44%,3820951000
948,AB,AllianceBernstein Holding L.P.,4223428775,37.44,1.73%,433877000
949,TAC,TransAlta Corporation,4258168000,14.25,0.32%,2052205882
950,CIVI,"Civitas Resources, Inc.",4245655259,43.83,-0.27%,5040718000
951,KMPR,Kemper Corporation,4210351170,66.05,0.36%,4639000000
952,BKH,Black Hills Corporation,4229303332,59.03,0.08%,2122332000
953,JBT,John Bean Technologies Corporation,4130781285,132.00,1.10%,1693000000
954,ORA,"Ormat Technologies, Inc.",4172878500,69.29,-1.37%,890253000
955,KAI,Kadant Inc.,4158200000,356.13,0.59%,1034033000
956,MUR,Murphy Oil Corporation,4188610960,28.67,-0.26%,3201712000
957,ELPC,Companhia Paranaense de Energia - COPEL,6871949245,5.30,1.92%,4410568378
958,ELP,Companhia Paranaense de Energia - COPEL,4171549098,5.92,0.51%,4410568378
959,PAY,"Paymentus Holdings, Inc.",4126497332,33.38,-1.52%,778668000
960,ST,Sensata Technologies Holding plc,4090630100,27.80,1.46%,4017568000
961,AX,"Axos Financial, Inc.",4113507420,72.57,0.14%,1219584000
962,CBZ,"CBIZ, Inc.",4130000000,82.66,0.45%,1680740000
963,BCO,The Brink's Company,3993743477,92.17,1.27%,4993300000
964,JWN,"Nordstrom, Inc.",3999088810,24.23,0.08%,15113000000
965,ASB,Associated Banc-Corp,3686100000,24.55,0.73%,1007707000
966,SKT,Tanger Inc.,3816141175,34.57,1.05%,512805000
967,ENIC,Enel Chile S.A.,4073912740,2.95,-0.94%,4983781992
968,SPR,"Spirit AeroSystems Holdings, Inc.",3924735840,34.04,1.40%,6478200000
969,RYN,Rayonier Inc.,3932136390,26.32,-0.44%,1004106000
970,HAE,Haemonetics Corporation,3925751144,79.04,2.10%,1361223000
971,OGS,"ONE Gas, Inc.",3939809562,70.03,0.07%,2058772000
972,TDS,"Telephone and Data Systems, Inc.",3702050000,34.79,1.22%,5036000000
973,GVA,Granite Construction Incorporated,3973912466,90.32,-0.88%,3963969000
974,HGV,Hilton Grand Vacations Inc.,3941513772,40.00,0.20%,4716000000
975,HOG,"Harley-Davidson, Inc.",3922308235,30.86,0.10%,5552405000
976,AUB,Atlantic Union Bankshares Corporation,3445855997,38.72,1.19%,741144000
977,OLN,Olin Corporation,3895505770,33.55,0.34%,6483400000
978,PBH,Prestige Consumer Healthcare Inc.,3890683125,79.12,0.47%,1110659000
979,NXE,NexGen Energy Ltd.,3904630856,6.87,-0.65%,
980,UCB,"United Community Banks, Inc.",3866688105,32.62,1.27%,827444000
981,SR,Spire Inc.,3878991555,67.34,0.34%,2593000000
982,CNO,"CNO Financial Group, Inc.",3832150170,37.68,1.48%,4522800000
983,RXO,"RXO, Inc.",3844490096,24.11,0.58%,3861000000
984,TGLS,Tecnoglass Inc.,3870767884,82.32,0.73%,845211000
985,NNI,"Nelnet, Inc.",3865775022,106.45,0.09%,1236839000
986,SG,"Sweetgreen, Inc.",3826490197,33.37,0.18%,668948000
987,SMG,The Scotts Miracle-Gro Company,3843064615,67.10,0.20%,3552700000
988,GEO,"The GEO Group, Inc.",3938926590,28.30,0.64%,2424264000
989,OGN,Organon & Co.,3819303370,14.95,1.49%,6409000000
990,GHC,Graham Holdings Company,3840339014,886.18,1.60%,4711917000
991,HHH,Howard Hughes Holdings Inc.,3834014625,77.01,0.23%,1151532000
992,DEI,"Douglas Emmett, Inc.",3176241950,19.02,1.06%,1000778000
993,MCY,Mercury General Corporation,3800672304,68.74,-0.15%,5484086000
994,YOU,"Clear Secure, Inc.",2560877309,27.30,0.04%,735183000
995,APLE,"Apple Hospitality REIT, Inc.",3758425125,15.76,0.32%,1410888000
996,AVNT,Avient Corporation,3780658872,41.37,-0.02%,3212900000
997,ECG,"Everus Construction Group, Inc.",3686299162,73.57,4.24%,
998,ASGN,ASGN Incorporated,3735342000,84.84,0.82%,4188800000
999,FUL,H.B. Fuller Company,3734854827,68.53,0.13%,3548332000
1000,ENS,EnerSys,3722989599,94.01,1.42%,3508854000